N,Посада,Загальний досвід роботи,Досвід роботи на поточному місці,Зарплата на місяць,Зміна зарплати за 12 місяців,Місто,Розмір компанії,Тип компанії,Стать,Вік,Освіта,Ще студент,Рівень англійської,Дата заповнення,User.Agent,exp,current_job_exp,salary,Мова програмування
13,Software Engineer,1,менше 3 місяців,800,200,Київ,до 50 осіб,Аутсорсингова,чоловіча,26,Вища,False,Pre-intermediate (нище середнього),12/06/2017 13:05:54,"Mozilla/5.0 (Windows NT 6.1; Win64; x64) AppleWebKit/537.36 (KHTML, like Gecko) Chrome/58.0.3029.110 Safari/537.36",1.0,0.0,800,Python
69,Software Engineer,1.5,0.5,900,900,Київ,до 10 осіб,Стартап,чоловіча,21,Неповна Вища,True,Upper-Intermediate (вище середнього),12/06/2017 13:11:17,"Mozilla/5.0 (Windows NT 10.0; Win64; x64) AppleWebKit/537.36 (KHTML, like Gecko) Chrome/59.0.3071.86 Safari/537.36",1.5,0.5,900,Python
88,Junior Software Engineer,0.5,0.5,600,0,Київ,до 10 осіб,Аутсорсингова,чоловіча,19,Неповна Вища,True,Upper-Intermediate (вище середнього),12/06/2017 13:12:25,"Mozilla/5.0 (X11; Linux x86_64) AppleWebKit/537.36 (KHTML, like Gecko) Chrome/59.0.3071.86 Safari/537.36",0.5,0.5,600,Python
115,Junior Software Engineer,1.5,0.5,685,250,Київ,до 1000 осіб,Аутсорсингова,чоловіча,21,Неповна Вища,False,Intermediate (середній),12/06/2017 13:14:52,"Mozilla/5.0 (X11; Linux x86_64) AppleWebKit/537.36 (KHTML, like Gecko) Chrome/56.0.2924.87 Safari/537.36",1.5,0.5,685,Python
144,Junior Software Engineer,1,1,750,250,Київ,до 10 осіб,Аутсорсингова,чоловіча,21,Неповна Вища,True,Upper-Intermediate (вище середнього),12/06/2017 13:19:10,"Mozilla/5.0 (X11; Linux x86_64) AppleWebKit/537.36 (KHTML, like Gecko) Chrome/58.0.3029.110 Safari/537.36",1.0,1.0,750,Python
154,Software Engineer,2,1,1200,0,Дніпро,до 50 осіб,Аутстафінгова,чоловіча,34,Кандидат,False,Advanced (просунутий),12/06/2017 13:20:15,"Mozilla/5.0 (Windows NT 10.0; WOW64) AppleWebKit/537.36 (KHTML, like Gecko) Chrome/58.0.3029.110 Safari/537.36 OPR/45.0.2552.888",2.0,1.0,1200,Python
163,Junior Software Engineer,0.5,0.5,500,0,Вінниця,до 200 осіб,Аутсорсингова,чоловіча,20,Технікум / Коледж,True,Pre-intermediate (нище середнього),12/06/2017 13:21:08,"Mozilla/5.0 (Linux; Android 7.1.2; LG-D802 Build/N2G47E) AppleWebKit/537.36 (KHTML, like Gecko) Chrome/58.0.3029.83 Mobile Safari/537.36",0.5,0.5,500,Python
172,Junior Software Engineer,0.25,0.25,800,0,Київ,до 50 осіб,Продуктова,чоловіча,25,Вища,False,Advanced (просунутий),12/06/2017 13:22:31,"Mozilla/5.0 (X11; Linux x86_64) AppleWebKit/537.36 (KHTML, like Gecko) Chrome/58.0.3029.110 Safari/537.36",0.25,0.25,800,Python
218,Software Engineer,8,2,2900,150,Львів,до 1000 осіб,Аутсорсингова,чоловіча,26,Вища,False,Upper-Intermediate (вище середнього),12/06/2017 13:31:50,"Mozilla/5.0 (Windows NT 6.2; Win64; x64) AppleWebKit/537.36 (KHTML, like Gecko) Chrome/58.0.3029.110 Safari/537.36",8.0,2.0,2900,Python
284,Junior Software Engineer,1,менше 3 місяців,400,400,Харків,до 10 осіб,Стартап,чоловіча,23,Неповна Вища,False,Intermediate (середній),12/06/2017 13:43:33,"Mozilla/5.0 (Windows NT 10.0) AppleWebKit/537.36 (KHTML, like Gecko) Chrome/58.0.3029.110 Safari/537.36",1.0,0.0,400,Python
303,Senior Software Engineer,10 і більше років,0.5,3500,-300,Київ,до 200 осіб,Продуктова,чоловіча,30,Вища,False,Upper-Intermediate (вище середнього),12/06/2017 13:46:24,"Mozilla/5.0 (Windows NT 6.1; Win64; x64) AppleWebKit/537.36 (KHTML, like Gecko) Chrome/58.0.3029.110 Safari/537.36",10.0,0.5,3500,Python
333,Junior Software Engineer,1,1,600,300,Львів,до 50 осіб,Аутсорсингова,чоловіча,19,Неповна Вища,True,Pre-intermediate (нище середнього),12/06/2017 13:51:25,Mozilla/5.0 (X11; Fedora; Linux x86_64; rv:53.0) Gecko/20100101 Firefox/53.0,1.0,1.0,600,Python
348,Junior Software Engineer,менше 3 місяців,менше 3 місяців,200,0,Київ,до 10 осіб,Аутсорсингова,чоловіча,22,Неповна Вища,True,Pre-intermediate (нище середнього),12/06/2017 13:53:40,"Mozilla/5.0 (Linux; Android 5.1.1; Mi-4c Build/LMY47V) AppleWebKit/537.36 (KHTML, like Gecko) Chrome/58.0.3029.83 Mobile Safari/537.36",0.0,0.0,200,Python
374,Senior Software Engineer,7,0.5,3100,1000,Дніпро,до 200 осіб,Аутсорсингова,чоловіча,30,Вища,False,Upper-Intermediate (вище середнього),12/06/2017 13:58:16,"Mozilla/5.0 (Macintosh; Intel Mac OS X 10_12_6) AppleWebKit/537.36 (KHTML, like Gecko) Chrome/59.0.3071.86 Safari/537.36",7.0,0.5,3100,Python
388,Software Engineer,4,1.5,1200,0,Інше,до 10 осіб,Стартап,чоловіча,26,Вища,False,Pre-intermediate (нище середнього),12/06/2017 14:01:02,"Mozilla/5.0 (X11; Linux x86_64) AppleWebKit/537.36 (KHTML, like Gecko) Chrome/58.0.3029.114 Safari/537.36 Vivaldi/1.9.818.50",4.0,1.5,1200,Python
450,Software Engineer,5,3,2000,0,Київ,більше 1000 осіб,Аутсорсингова,чоловіча,37,Неповна Вища,False,Upper-Intermediate (вище середнього),12/06/2017 14:12:37,"Mozilla/5.0 (Macintosh; Intel Mac OS X 10_11_6) AppleWebKit/537.36 (KHTML, like Gecko) Chrome/58.0.3029.110 Safari/537.36",5.0,3.0,2000,Python
535,Junior Software Engineer,0.5,0.5,400,100,Львів,до 50 осіб,Аутсорсингова,чоловіча,24,Неповна Вища,False,Pre-intermediate (нище середнього),12/06/2017 14:32:52,Mozilla/5.0 (X11; Ubuntu; Linux x86_64; rv:53.0) Gecko/20100101 Firefox/53.0,0.5,0.5,400,Python
566,Software Engineer,2,2,1000,200,Хмельницький,до 10 осіб,Стартап,чоловіча,21,Вища,True,Upper-Intermediate (вище середнього),12/06/2017 14:38:30,"Mozilla/5.0 (Macintosh; Intel Mac OS X 10_12_5) AppleWebKit/537.36 (KHTML, like Gecko) Chrome/58.0.3029.110 Safari/537.36",2.0,2.0,1000,Python
573,Software Engineer,5,1,1750,0,Віддалено,до 10 осіб,Стартап,чоловіча,25,Вища,False,Upper-Intermediate (вище середнього),12/06/2017 14:40:07,"Mozilla/5.0 (Macintosh; Intel Mac OS X 10_12_5) AppleWebKit/537.36 (KHTML, like Gecko) Chrome/59.0.3071.86 Safari/537.36",5.0,1.0,1750,Python
605,Software Engineer,7,0.25,3325,325,Київ,до 1000 осіб,Аутстафінгова,чоловіча,28,Вища,False,Intermediate (середній),12/06/2017 14:47:23,"Mozilla/5.0 (Macintosh; Intel Mac OS X 10_12_5) AppleWebKit/537.36 (KHTML, like Gecko) Chrome/58.0.3029.110 Safari/537.36",7.0,0.25,3325,Python
670,Software Engineer,3,3,2000,0,Львів,до 50 осіб,Аутсорсингова,чоловіча,25,Вища,False,Upper-Intermediate (вище середнього),12/06/2017 14:58:02,"Mozilla/5.0 (X11; Linux x86_64) AppleWebKit/537.36 (KHTML, like Gecko) Chrome/56.0.2924.87 Safari/537.36",3.0,3.0,2000,Python
680,Software Engineer,3,1,2500,1000,Київ,більше 1000 осіб,Аутсорсингова,чоловіча,26,Вища,False,Intermediate (середній),12/06/2017 14:59:49,"Mozilla/5.0 (Windows NT 10.0; Win64; x64) AppleWebKit/537.36 (KHTML, like Gecko) Chrome/58.0.3029.110 Safari/537.36",3.0,1.0,2500,Python
689,Junior Software Engineer,1.5,0.5,1200,500,Віддалено,до 10 осіб,Продуктова,чоловіча,25,Неповна Вища,False,Advanced (просунутий),12/06/2017 15:01:31,Mozilla/5.0 (Windows NT 10.0; WOW64; rv:53.0) Gecko/20100101 Firefox/53.0,1.5,0.5,1200,Python
697,Software Engineer,3,1,2000,500,Львів,до 200 осіб,Аутсорсингова,чоловіча,32,Вища,False,Upper-Intermediate (вище середнього),12/06/2017 15:03:31,"Mozilla/5.0 (X11; Linux x86_64) AppleWebKit/537.36 (KHTML, like Gecko) Chrome/55.0.2883.87 Safari/537.36",3.0,1.0,2000,Python
716,Junior Software Engineer,1.5,1.5,900,300,Київ,більше 1000 осіб,Аутсорсингова,чоловіча,28,Вища,False,Upper-Intermediate (вище середнього),12/06/2017 15:09:08,"Mozilla/5.0 (Macintosh; Intel Mac OS X 10_12_1) AppleWebKit/537.36 (KHTML, like Gecko) Chrome/58.0.3029.110 Safari/537.36",1.5,1.5,900,Python
729,Software Engineer,2,1,1425,800,Київ,більше 1000 осіб,Аутстафінгова,чоловіча,20,Неповна Вища,True,Advanced (просунутий),12/06/2017 15:14:45,"Mozilla/5.0 (X11; Linux x86_64) AppleWebKit/537.36 (KHTML, like Gecko) Chrome/54.0.2840.71 Safari/537.36",2.0,1.0,1425,Python
834,Junior Software Engineer,1.5,0.5,800,200,Київ,до 10 осіб,Продуктова,чоловіча,24,Вища,False,Pre-intermediate (нище середнього),12/06/2017 15:37:49,"Mozilla/5.0 (X11; Linux x86_64) AppleWebKit/537.36 (KHTML, like Gecko) Chrome/58.0.3029.110 Safari/537.36",1.5,0.5,800,Python
856,Software Engineer,2,0.5,1425,125,Одеса,до 200 осіб,Аутстафінгова,чоловіча,27,Середня,False,Intermediate (середній),12/06/2017 15:44:39,Mozilla/5.0 (X11; Ubuntu; Linux x86_64; rv:50.0) Gecko/20100101 Firefox/50.0,2.0,0.5,1425,Python
871,Software Engineer,1.5,менше 3 місяців,1200,500,Київ,до 200 осіб,Аутсорсингова,чоловіча,31,Вища,False,Intermediate (середній),12/06/2017 15:49:52,"Mozilla/5.0 (X11; Linux x86_64) AppleWebKit/537.36 (KHTML, like Gecko) Chrome/58.0.3029.110 Safari/537.36",1.5,0.0,1200,Python
954,Software Engineer,0.5,0.5,850,0,Київ,до 10 осіб,Продуктова,чоловіча,25,Вища,False,Intermediate (середній),12/06/2017 16:17:50,"Mozilla/5.0 (X11; Linux x86_64) AppleWebKit/537.36 (KHTML, like Gecko) Chrome/59.0.3071.86 Safari/537.36",0.5,0.5,850,Python
1004,Junior Software Engineer,1,0.25,800,300,Віддалено,до 50 осіб,Стартап,чоловіча,34,Вища,False,Elementary (початковий),12/06/2017 16:33:42,"Mozilla/5.0 (X11; Linux x86_64) AppleWebKit/537.36 (KHTML, like Gecko) Chrome/58.0.3029.81 Safari/537.36 OPR/45.0.2552.635",1.0,0.25,800,Python
1022,Software Engineer,2,2,1400,200,Київ,до 1000 осіб,Продуктова,чоловіча,23,Вища,False,Intermediate (середній),12/06/2017 16:39:26,"Mozilla/5.0 (iPhone; CPU iPhone OS 10_3_2 like Mac OS X) AppleWebKit/603.2.4 (KHTML, like Gecko) Mobile/14F89 [FBAN/FBIOS;FBAV/96.0.0.45.70;FBBV/60548545;FBDV/iPhone9,2;FBMD/iPhone;FBSN/iOS;FBSV/10.3.2;FBSS/3;FBCR/Carrier;FBID/phone;FBLC/ru_RU;FBOP/5;FBRV/0]",2.0,2.0,1400,Python
1081,Software Engineer,5,1,2800,500,Житомир,до 50 осіб,Стартап,чоловіча,29,Вища,False,Upper-Intermediate (вище середнього),12/06/2017 17:03:05,"Mozilla/5.0 (iPhone; CPU iPhone OS 10_3_2 like Mac OS X) AppleWebKit/603.2.4 (KHTML, like Gecko) Version/10.0 Mobile/14F89 Safari/602.1",5.0,1.0,2800,Python
1109,Junior Software Engineer,1,менше 3 місяців,300,0,Київ,до 10 осіб,Аутстафінгова,чоловіча,19,Неповна Вища,False,Intermediate (середній),12/06/2017 17:14:59,"Mozilla/5.0 (Linux; Android 6.0.1; Redmi 4 Build/MMB29M) AppleWebKit/537.36 (KHTML, like Gecko) Chrome/58.0.3029.83 Mobile Safari/537.36",1.0,0.0,300,Python
1139,Software Engineer,4,0.5,2600,1000,Львів,до 1000 осіб,Аутстафінгова,чоловіча,27,Вища,False,Intermediate (середній),12/06/2017 17:24:34,"Mozilla/5.0 (Windows NT 10.0; Win64; x64) AppleWebKit/537.36 (KHTML, like Gecko) Chrome/58.0.3029.110 Safari/537.36",4.0,0.5,2600,Python
1173,Senior Software Engineer,2,2,1300,800,Львів,до 50 осіб,Інша,чоловіча,20,Неповна Вища,True,Intermediate (середній),12/06/2017 17:38:00,"Mozilla/5.0 (Linux; Android 6.0.1; Redmi 3S Build/MMB29M; wv) AppleWebKit/537.36 (KHTML, like Gecko) Version/4.0 Chrome/58.0.3029.83 Mobile Safari/537.36",2.0,2.0,1300,Python
1188,Junior Software Engineer,1.5,1.5,952,550,Львів,більше 1000 осіб,Аутсорсингова,чоловіча,26,Вища,False,Intermediate (середній),12/06/2017 17:43:03,"Mozilla/5.0 (Windows NT 6.1; Win64; x64) AppleWebKit/537.36 (KHTML, like Gecko) Chrome/58.0.3029.110 Safari/537.36",1.5,1.5,952,Python
1195,Junior Software Engineer,1,0.25,300,0,Львів,до 50 осіб,Стартап,чоловіча,21,Вища,True,Intermediate (середній),12/06/2017 17:45:49,"Mozilla/5.0 (Windows NT 6.1; Win64; x64) AppleWebKit/537.36 (KHTML, like Gecko) Chrome/58.0.3029.110 Safari/537.36",1.0,0.25,300,Python
1364,Senior Software Engineer,10 і більше років,2,1500,1000,Віддалено,до 10 осіб,Стартап,чоловіча,35,Вища,False,Elementary (початковий),12/06/2017 19:10:01,Mozilla/5.0 (Windows NT 10.0; WOW64; rv:53.0) Gecko/20100101 Firefox/53.0,10.0,2.0,1500,Python
1393,Software Engineer,1.5,1.5,1400,1000,Львів,до 50 осіб,Аутсорсингова,чоловіча,26,Вища,False,Intermediate (середній),12/06/2017 19:31:39,"Mozilla/5.0 (X11; Linux x86_64) AppleWebKit/537.36 (KHTML, like Gecko) Chrome/56.0.2924.87 Safari/537.36",1.5,1.5,1400,Python
1490,Senior Software Engineer,4,1,3300,430,Львів,до 1000 осіб,Аутсорсингова,чоловіча,27,Вища,False,Upper-Intermediate (вище середнього),12/06/2017 20:48:17,"Mozilla/5.0 (Windows NT 10.0; Win64; x64) AppleWebKit/537.36 (KHTML, like Gecko) Chrome/58.0.3029.110 Safari/537.36",4.0,1.0,3300,Python
1579,Software Engineer,1,менше 3 місяців,2100,1200,Київ,до 200 осіб,Аутсорсингова,чоловіча,30,Вища,False,Intermediate (середній),12/06/2017 21:34:57,"Mozilla/5.0 (Macintosh; Intel Mac OS X 10_12_5) AppleWebKit/537.36 (KHTML, like Gecko) Chrome/58.0.3029.110 Safari/537.36",1.0,0.0,2100,Python
1587,Software Engineer,1,менше 3 місяців,700,500,Київ,до 10 осіб,Продуктова,чоловіча,19,Неповна Вища,True,Upper-Intermediate (вище середнього),12/06/2017 21:40:02,"Mozilla/5.0 (Linux; Android 6.0; MEIZU_M5 Build/MRA58K) AppleWebKit/537.36 (KHTML, like Gecko) Chrome/58.0.3029.83 Mobile Safari/537.36",1.0,0.0,700,Python
1604,Junior Software Engineer,0.5,0.5,300,100,Івано-Франківськ,до 10 осіб,Аутсорсингова,чоловіча,23,Неповна Вища,True,Pre-intermediate (нище середнього),12/06/2017 21:51:44,"Mozilla/5.0 (X11; Linux x86_64) AppleWebKit/537.36 (KHTML, like Gecko) Chrome/58.0.3029.110 Safari/537.36",0.5,0.5,300,Python
1615,Junior Software Engineer,0.5,0.5,440,0,Львів,більше 1000 осіб,Аутсорсингова,чоловіча,28,Кандидат,False,Intermediate (середній),12/06/2017 21:59:19,"Mozilla/5.0 (X11; Linux x86_64) AppleWebKit/537.36 (KHTML, like Gecko) Ubuntu Chromium/58.0.3029.110 Chrome/58.0.3029.110 Safari/537.36",0.5,0.5,440,Python
1653,Junior Software Engineer,0.5,0.25,500,200,Львів,до 10 осіб,Аутсорсингова,чоловіча,21,Неповна Вища,True,Intermediate (середній),12/06/2017 22:18:34,"Mozilla/5.0 (Windows NT 10.0; Win64; x64) AppleWebKit/537.36 (KHTML, like Gecko) Chrome/58.0.3029.110 Safari/537.36",0.5,0.25,500,Python
1682,Junior Software Engineer,0.5,0.5,800,200,Запоріжжя,до 50 осіб,Аутсорсингова,чоловіча,31,Вища,False,Intermediate (середній),12/06/2017 22:33:08,"Mozilla/5.0 (X11; Linux x86_64) AppleWebKit/537.36 (KHTML, like Gecko) Ubuntu Chromium/56.0.2924.76 Chrome/56.0.2924.76 Safari/537.36",0.5,0.5,800,Python
1696,Junior Software Engineer,0.5,0.5,600,600,Київ,до 200 осіб,Продуктова,чоловіча,21,Неповна Вища,True,Upper-Intermediate (вище середнього),12/06/2017 22:41:19,"Mozilla/5.0 (X11; Linux x86_64) AppleWebKit/537.36 (KHTML, like Gecko) Chrome/58.0.3029.110 Safari/537.36 OPR/45.0.2552.888",0.5,0.5,600,Python
1734,Junior Software Engineer,1,1,400,400,Харків,до 10 осіб,Аутсорсингова,чоловіча,21,Вища,True,Pre-intermediate (нище середнього),12/06/2017 22:59:04,"Mozilla/5.0 (X11; Linux x86_64) AppleWebKit/537.36 (KHTML, like Gecko) Chrome/58.0.3029.110 Safari/537.36 OPR/45.0.2552.888",1.0,1.0,400,Python
1749,Software Engineer,1.5,1.5,700,200,Київ,до 10 осіб,Стартап,жіноча,23,Вища,False,Intermediate (середній),12/06/2017 23:05:15,"Mozilla/5.0 (X11; Linux x86_64) AppleWebKit/537.36 (KHTML, like Gecko) Chrome/58.0.3029.81 Safari/537.36",1.5,1.5,700,Python
1915,Junior Software Engineer,0.25,0.25,400,0,Львів,до 200 осіб,Аутсорсингова,чоловіча,20,Неповна Вища,True,Intermediate (середній),13/06/2017 01:53:20,"Mozilla/5.0 (Windows NT 10.0; Win64; x64) AppleWebKit/537.36 (KHTML, like Gecko) Chrome/60.0.3112.24 Safari/537.36",0.25,0.25,400,Python
1938,Software Engineer,1,1,850,500,Київ,до 10 осіб,Аутсорсингова,чоловіча,20,Неповна Вища,True,Upper-Intermediate (вище середнього),13/06/2017 07:01:32,"Mozilla/5.0 (Windows NT 10.0; Win64; x64) AppleWebKit/537.36 (KHTML, like Gecko) Chrome/58.0.3029.110 Safari/537.36",1.0,1.0,850,Python
1955,Senior Software Engineer,5,менше 3 місяців,3900,400,Харків,до 50 осіб,Стартап,чоловіча,26,Вища,False,Advanced (просунутий),13/06/2017 07:50:49,"Mozilla/5.0 (Macintosh; Intel Mac OS X 10_12_5) AppleWebKit/537.36 (KHTML, like Gecko) Chrome/58.0.3029.110 Safari/537.36",5.0,0.0,3900,Python
2015,Software Engineer,4,0.5,4100,800,Львів,більше 1000 осіб,Аутсорсингова,чоловіча,26,Вища,False,Advanced (просунутий),13/06/2017 09:05:55,Mozilla/5.0 (Windows NT 10.0; WOW64; rv:53.0) Gecko/20100101 Firefox/53.0,4.0,0.5,4100,Python
2022,Software Engineer,2,2,2000,500,Київ,до 50 осіб,Аутсорсингова,чоловіча,21,Неповна Вища,True,Upper-Intermediate (вище середнього),13/06/2017 09:11:13,"Mozilla/5.0 (Linux; Android 5.1; m2 Build/LMY47D) AppleWebKit/537.36 (KHTML, like Gecko) Chrome/58.0.3029.83 Mobile Safari/537.36",2.0,2.0,2000,Python
2134,Junior Software Engineer,0.5,0.5,100,0,Запоріжжя,до 50 осіб,Аутсорсингова,чоловіча,32,Вища,False,Intermediate (середній),13/06/2017 10:25:39,Mozilla/5.0 (Windows NT 6.1; WOW64; rv:53.0) Gecko/20100101 Firefox/53.0,0.5,0.5,100,Python
2166,Senior Software Engineer,4,1.5,3000,600,Віддалено,до 50 осіб,Аутсорсингова,чоловіча,28,Вища,False,Intermediate (середній),13/06/2017 10:41:12,"Mozilla/5.0 (Macintosh; Intel Mac OS X 10_12_5) AppleWebKit/603.2.4 (KHTML, like Gecko) Version/10.1.1 Safari/603.2.4",4.0,1.5,3000,Python
2185,Software Engineer,4,1.5,2300,600,Київ,до 10 осіб,Стартап,чоловіча,34,Дві вищих,False,Upper-Intermediate (вище середнього),13/06/2017 10:54:05,"Mozilla/5.0 (Linux; Android 6.0.1; SM-J710F Build/MMB29K) AppleWebKit/537.36 (KHTML, like Gecko) Chrome/58.0.3029.83 Mobile Safari/537.36",4.0,1.5,2300,Python
2188,Junior Software Engineer,1.5,менше 3 місяців,650,450,Київ,до 200 осіб,Продуктова,чоловіча,19,Неповна Вища,False,Pre-intermediate (нище середнього),13/06/2017 10:55:35,Mozilla/5.0 (X11; Ubuntu; Linux x86_64; rv:53.0) Gecko/20100101 Firefox/53.0,1.5,0.0,650,Python
2193,Software Engineer,2,1,2500,0,Київ,більше 1000 осіб,Аутсорсингова,чоловіча,20,Неповна Вища,True,Upper-Intermediate (вище середнього),13/06/2017 10:56:57,"Mozilla/5.0 (X11; Linux x86_64) AppleWebKit/537.36 (KHTML, like Gecko) Chrome/59.0.3071.86 Safari/537.36",2.0,1.0,2500,Python
2225,Software Engineer,6,2,4500,1500,Київ,до 50 осіб,Продуктова,чоловіча,33,Вища,False,Intermediate (середній),13/06/2017 11:17:57,"Mozilla/5.0 (Windows NT 10.0; Win64; x64) AppleWebKit/537.36 (KHTML, like Gecko) Chrome/58.0.3029.110 Safari/537.36 OPR/45.0.2552.888",6.0,2.0,4500,Python
2245,Software Engineer,3,0.5,2400,1000,Київ,більше 1000 осіб,Аутстафінгова,чоловіча,24,Вища,False,Upper-Intermediate (вище середнього),13/06/2017 11:29:18,"Mozilla/5.0 (Windows NT 10.0; Win64; x64) AppleWebKit/537.36 (KHTML, like Gecko) Chrome/58.0.3029.110 Safari/537.36",3.0,0.5,2400,Python
2287,Software Engineer,4,1,3500,0,Віддалено,до 10 осіб,Продуктова,чоловіча,30,Вища,False,Upper-Intermediate (вище середнього),13/06/2017 11:54:54,"Mozilla/5.0 (X11; Linux x86_64) AppleWebKit/537.36 (KHTML, like Gecko) Ubuntu Chromium/58.0.3029.110 Chrome/58.0.3029.110 Safari/537.36",4.0,1.0,3500,Python
2290,Senior Software Engineer,7,4,3000,0,Харків,до 1000 осіб,Аутстафінгова,чоловіча,27,Вища,False,Intermediate (середній),13/06/2017 11:57:00,"Mozilla/5.0 (X11; Linux x86_64) AppleWebKit/537.36 (KHTML, like Gecko) Chrome/57.0.2987.98 Safari/537.36",7.0,4.0,3000,Python
2351,Software Engineer,5,1,2100,0,Львів,до 1000 осіб,Продуктова,чоловіча,31,Дві вищих,False,Intermediate (середній),13/06/2017 12:14:47,"Mozilla/5.0 (Macintosh; Intel Mac OS X 10_11_6) AppleWebKit/537.36 (KHTML, like Gecko) Chrome/58.0.3029.110 Safari/537.36",5.0,1.0,2100,Python
2357,Software Engineer,2,менше 3 місяців,1900,1100,Віддалено,до 50 осіб,Аутсорсингова,чоловіча,23,Вища,False,Intermediate (середній),13/06/2017 12:14:55,"Mozilla/5.0 (X11; Linux x86_64) AppleWebKit/537.36 (KHTML, like Gecko) Chrome/58.0.3029.110 Safari/537.36",2.0,0.0,1900,Python
2388,Senior Software Engineer,10 і більше років,3,2600,600,Львів,більше 1000 осіб,Аутстафінгова,чоловіча,28,Вища,False,Intermediate (середній),13/06/2017 12:16:39,"Mozilla/5.0 (Macintosh; Intel Mac OS X 10_12_5) AppleWebKit/603.2.4 (KHTML, like Gecko) Version/10.1.1 Safari/603.2.4",10.0,3.0,2600,Python
2434,Software Engineer,10 і більше років,менше 3 місяців,1900,700,Віддалено,до 10 осіб,Стартап,чоловіча,29,Вища,False,Upper-Intermediate (вище середнього),13/06/2017 12:19:00,"Mozilla/5.0 (Macintosh; Intel Mac OS X 10_12_5) AppleWebKit/603.2.4 (KHTML, like Gecko) Version/10.1.1 Safari/603.2.4",10.0,0.0,1900,Python
2455,Software Engineer,1.5,0.5,500,0,Харків,до 1000 осіб,Інша,чоловіча,24,Вища,False,Pre-intermediate (нище середнього),13/06/2017 12:20:12,"Mozilla/5.0 (X11; Linux x86_64) AppleWebKit/537.36 (KHTML, like Gecko) Chrome/59.0.3071.86 Safari/537.36",1.5,0.5,500,Python
2464,Software Engineer,6,3,3000,800,Дніпро,до 50 осіб,Продуктова,чоловіча,27,Вища,False,Advanced (просунутий),13/06/2017 12:21:19,"Mozilla/5.0 (X11; Linux x86_64) AppleWebKit/537.36 (KHTML, like Gecko) Chrome/58.0.3029.81 Safari/537.36",6.0,3.0,3000,Python
2475,Software Engineer,2,0.25,1500,200,Київ,до 1000 осіб,Продуктова,чоловіча,23,Неповна Вища,False,Intermediate (середній),13/06/2017 12:21:53,"Mozilla/5.0 (iPhone; CPU iPhone OS 10_3_2 like Mac OS X) AppleWebKit/603.2.4 (KHTML, like Gecko) Version/10.0 Mobile/14F89 Safari/602.1",2.0,0.25,1500,Python
2558,Software Engineer,3,1.5,2300,300,Інше,до 200 осіб,Продуктова,чоловіча,25,Дві вищих,False,Upper-Intermediate (вище середнього),13/06/2017 12:29:25,"Mozilla/5.0 (X11; Linux x86_64) AppleWebKit/537.36 (KHTML, like Gecko) Chrome/59.0.3071.86 Safari/537.36",3.0,1.5,2300,Python
2633,Technical Lead,4,1.5,3500,1000,Київ,до 50 осіб,Продуктова,чоловіча,23,Неповна Вища,False,Upper-Intermediate (вище середнього),13/06/2017 12:37:02,"Mozilla/5.0 (Macintosh; Intel Mac OS X 10_12_5) AppleWebKit/537.36 (KHTML, like Gecko) Chrome/59.0.3071.86 Safari/537.36",4.0,1.5,3500,Python
2653,Software Engineer,4,менше 3 місяців,1700,100,Київ,до 10 осіб,Продуктова,чоловіча,26,Технікум / Коледж,False,Intermediate (середній),13/06/2017 12:39:39,"Mozilla/5.0 (X11; Linux x86_64) AppleWebKit/537.36 (KHTML, like Gecko) Chrome/59.0.3071.86 Safari/537.36",4.0,0.0,1700,Python
2662,Software Engineer,1,0.25,1100,900,Київ,до 10 осіб,Аутстафінгова,чоловіча,20,Вища,False,Advanced (просунутий),13/06/2017 12:41:04,"Mozilla/5.0 (X11; Linux x86_64) AppleWebKit/537.36 (KHTML, like Gecko) Chrome/57.0.2987.110 Safari/537.36",1.0,0.25,1100,Python
2769,Software Engineer,4,1,1880,250,Дніпро,більше 1000 осіб,Аутсорсингова,чоловіча,31,Технікум / Коледж,False,Pre-intermediate (нище середнього),13/06/2017 12:57:44,"Mozilla/5.0 (X11; Linux x86_64) AppleWebKit/537.36 (KHTML, like Gecko) Chrome/59.0.3071.86 Safari/537.36",4.0,1.0,1880,Python
2782,Software Engineer,5,1,2000,1000,Київ,до 10 осіб,Стартап,чоловіча,27,Вища,False,Intermediate (середній),13/06/2017 12:59:43,"Mozilla/5.0 (Macintosh; Intel Mac OS X 10_12_4) AppleWebKit/537.36 (KHTML, like Gecko) Chrome/58.0.3029.110 Safari/537.36",5.0,1.0,2000,Python
2796,Junior Software Engineer,2,0.5,1000,100,Полтава,до 10 осіб,Продуктова,чоловіча,23,Вища,True,Intermediate (середній),13/06/2017 13:02:17,"Mozilla/5.0 (X11; Linux x86_64) AppleWebKit/537.36 (KHTML, like Gecko) Chrome/58.0.3029.110 Safari/537.36",2.0,0.5,1000,Python
2835,Junior Software Engineer,1,0.5,300,0,Львів,до 200 осіб,Аутсорсингова,чоловіча,22,Вища,False,Upper-Intermediate (вище середнього),13/06/2017 13:11:52,"Mozilla/5.0 (X11; Linux x86_64) AppleWebKit/537.36 (KHTML, like Gecko) Chrome/57.0.2987.110 Safari/537.36",1.0,0.5,300,Python
2838,Senior Software Engineer,4,2,2400,200,Харків,до 50 осіб,Аутстафінгова,чоловіча,29,Вища,False,Elementary (початковий),13/06/2017 13:12:22,"Mozilla/5.0 (Macintosh; Intel Mac OS X 10_12_4) AppleWebKit/537.36 (KHTML, like Gecko) Chrome/59.0.3071.86 Safari/537.36",4.0,2.0,2400,Python
2905,Software Engineer,0.5,0.25,1300,850,Київ,до 50 осіб,Стартап,чоловіча,28,Вища,False,Advanced (просунутий),13/06/2017 13:28:13,"Mozilla/5.0 (Macintosh; Intel Mac OS X 10_12_5) AppleWebKit/537.36 (KHTML, like Gecko) Chrome/58.0.3029.110 Safari/537.36",0.5,0.25,1300,Python
2909,Junior Software Engineer,менше 3 місяців,менше 3 місяців,500,0,Київ,до 10 осіб,Аутсорсингова,чоловіча,24,Вища,False,Upper-Intermediate (вище середнього),13/06/2017 13:28:52,"Mozilla/5.0 (Windows NT 10.0; Win64; x64) AppleWebKit/537.36 (KHTML, like Gecko) Chrome/58.0.3029.110 Safari/537.36",0.0,0.0,500,Python
2947,Senior Software Engineer,6,1.5,3200,200,Львів,до 1000 осіб,Аутсорсингова,чоловіча,32,Вища,False,Upper-Intermediate (вище середнього),13/06/2017 13:40:17,Mozilla/5.0 (Macintosh; Intel Mac OS X 10.12; rv:53.0) Gecko/20100101 Firefox/53.0,6.0,1.5,3200,Python
2960,Junior Software Engineer,2,2,800,250,Львів,більше 1000 осіб,Аутсорсингова,чоловіча,24,Вища,False,Intermediate (середній),13/06/2017 13:45:43,"Mozilla/5.0 (Windows NT 10.0; Win64; x64) AppleWebKit/537.36 (KHTML, like Gecko) Chrome/58.0.3029.110 Safari/537.36",2.0,2.0,800,Python
2984,Junior Software Engineer,1.5,1.5,400,100,Івано-Франківськ,до 200 осіб,Аутсорсингова,жіноча,23,Вища,False,Upper-Intermediate (вище середнього),13/06/2017 13:53:04,"Mozilla/5.0 (X11; Linux x86_64) AppleWebKit/537.36 (KHTML, like Gecko) Chrome/53.0.2785.113 Safari/537.36",1.5,1.5,400,Python
3045,Software Engineer,4,1.5,1000,200,Львів,до 10 осіб,Аутсорсингова,чоловіча,29,Вища,False,Upper-Intermediate (вище середнього),13/06/2017 14:14:30,"Mozilla/5.0 (Linux; Android 6.0.1; Redmi 3S Build/MMB29M) AppleWebKit/537.36 (KHTML, like Gecko) Chrome/58.0.3029.83 Mobile Safari/537.36",4.0,1.5,1000,Python
3051,Software Engineer,1,0.25,1500,1000,Київ,до 10 осіб,Продуктова,чоловіча,30,Вища,False,Intermediate (середній),13/06/2017 14:16:08,"Mozilla/5.0 (X11; Linux x86_64) AppleWebKit/537.36 (KHTML, like Gecko) Chrome/57.0.2987.133 Safari/537.36",1.0,0.25,1500,Python
3146,Technical Lead,10 і більше років,2,1425,475,Київ,до 50 осіб,Аутсорсингова,чоловіча,43,Вища,False,Upper-Intermediate (вище середнього),13/06/2017 14:51:19,Mozilla/5.0 (X11; Ubuntu; Linux x86_64; rv:52.0) Gecko/20100101 Firefox/52.0,10.0,2.0,1425,Python
3150,Junior Software Engineer,0.25,0.25,400,0,Київ,до 10 осіб,Інша,чоловіча,21,Неповна Вища,True,Intermediate (середній),13/06/2017 14:52:32,"Mozilla/5.0 (Windows NT 6.1; Win64; x64) AppleWebKit/537.36 (KHTML, like Gecko) Chrome/58.0.3029.110 Safari/537.36",0.25,0.25,400,Python
3157,Software Engineer,1.5,0.5,1000,500,Київ,до 10 осіб,Продуктова,чоловіча,26,Вища,False,Intermediate (середній),13/06/2017 14:55:45,Mozilla/5.0 (X11; Ubuntu; Linux x86_64; rv:51.0) Gecko/20100101 Firefox/51.0,1.5,0.5,1000,Python
3159,Junior Software Engineer,0.5,0.5,550,200,Харків,до 50 осіб,Аутсорсингова,чоловіча,27,Неповна Вища,False,Intermediate (середній),13/06/2017 14:56:15,"Mozilla/5.0 (X11; Linux x86_64) AppleWebKit/537.36 (KHTML, like Gecko) Chrome/58.0.3029.96 Safari/537.36",0.5,0.5,550,Python
3177,Senior Software Engineer,6,0.25,3500,0,Київ,до 10 осіб,Аутстафінгова,чоловіча,26,Вища,False,Intermediate (середній),13/06/2017 15:06:41,"Mozilla/5.0 (Macintosh; Intel Mac OS X 10_12_5) AppleWebKit/537.36 (KHTML, like Gecko) Chrome/58.0.3029.110 Safari/537.36",6.0,0.25,3500,Python
3233,Software Engineer,2,2,2700,1000,Київ,до 50 осіб,Аутсорсингова,чоловіча,21,Неповна Вища,True,Advanced (просунутий),13/06/2017 15:34:31,"Mozilla/5.0 (Macintosh; Intel Mac OS X 10_12_5) AppleWebKit/603.2.4 (KHTML, like Gecko) Version/10.1.1 Safari/603.2.4",2.0,2.0,2700,Python
3268,Junior Software Engineer,1,менше 3 місяців,900,600,Київ,до 1000 осіб,Аутсорсингова,чоловіча,21,Вища,False,Intermediate (середній),13/06/2017 15:52:33,"Mozilla/5.0 (Macintosh; Intel Mac OS X 10_12_1) AppleWebKit/537.36 (KHTML, like Gecko) Chrome/58.0.3029.110 Safari/537.36",1.0,0.0,900,Python
3416,Software Engineer,2,0.5,1000,700,Миколаїв,до 50 осіб,Продуктова,чоловіча,27,Вища,False,Pre-intermediate (нище середнього),13/06/2017 17:30:37,"Mozilla/5.0 (X11; Linux x86_64) AppleWebKit/537.36 (KHTML, like Gecko) Chrome/56.0.2924.87 Safari/537.36",2.0,0.5,1000,Python
3481,Software Engineer,2,1,1500,500,Київ,до 50 осіб,Аутсорсингова,чоловіча,40,Вища,False,Upper-Intermediate (вище середнього),13/06/2017 18:39:42,Mozilla/5.0 (X11; Ubuntu; Linux x86_64; rv:53.0) Gecko/20100101 Firefox/53.0,2.0,1.0,1500,Python
3483,Software Engineer,4,3,1700,100,Харків,до 1000 осіб,Продуктова,чоловіча,26,Вища,False,Upper-Intermediate (вище середнього),13/06/2017 18:39:57,"Mozilla/5.0 (X11; Linux x86_64) AppleWebKit/537.36 (KHTML, like Gecko) Chrome/57.0.2987.133 Safari/537.36",4.0,3.0,1700,Python
3489,Software Engineer,8,1.5,2000,200,Львів,до 50 осіб,Аутстафінгова,чоловіча,28,Неповна Вища,False,Pre-intermediate (нище середнього),13/06/2017 18:48:48,"Mozilla/5.0 (Linux; Android 6.0.1; MI 5 Build/MXB48T) AppleWebKit/537.36 (KHTML, like Gecko) Chrome/58.0.3029.83 Mobile Safari/537.36",8.0,1.5,2000,Python
3524,Software Engineer,4,1.5,3000,1000,Київ,до 200 осіб,Аутсорсингова,чоловіча,23,Вища,False,Upper-Intermediate (вище середнього),13/06/2017 19:39:34,"Mozilla/5.0 (Macintosh; Intel Mac OS X 10_11_4) AppleWebKit/537.36 (KHTML, like Gecko) Chrome/58.0.3029.110 Safari/537.36",4.0,1.5,3000,Python
3533,Software Engineer,2,2,1900,400,Київ,до 10 осіб,Стартап,чоловіча,32,Вища,False,Advanced (просунутий),13/06/2017 19:54:30,Mozilla/5.0 (X11; Ubuntu; Linux x86_64; rv:53.0) Gecko/20100101 Firefox/53.0,2.0,2.0,1900,Python
3543,Junior Software Engineer,0.5,0.5,700,0,Львів,до 50 осіб,Аутсорсингова,чоловіча,42,Вища,False,Intermediate (середній),13/06/2017 20:10:49,"Mozilla/5.0 (Windows NT 10.0; Win64; x64) AppleWebKit/537.36 (KHTML, like Gecko) Chrome/58.0.3029.110 Safari/537.36",0.5,0.5,700,Python
3622,Software Engineer,4,2,1700,600,Київ,більше 1000 осіб,Аутсорсингова,жіноча,26,Вища,False,Upper-Intermediate (вище середнього),13/06/2017 21:54:40,"Mozilla/5.0 (Macintosh; Intel Mac OS X 10_12_5) AppleWebKit/537.36 (KHTML, like Gecko) Chrome/58.0.3029.110 Safari/537.36",4.0,2.0,1700,Python
3659,Software Engineer,10 і більше років,0.5,2200,0,Дніпро,більше 1000 осіб,Аутсорсингова,чоловіча,38,Вища,False,Intermediate (середній),13/06/2017 22:40:45,"Mozilla/5.0 (Windows NT 10.0; Win64; x64) AppleWebKit/537.36 (KHTML, like Gecko) Chrome/58.0.3029.110 Safari/537.36",10.0,0.5,2200,Python
3680,Junior Software Engineer,0.25,0.25,500,200,Київ,до 1000 осіб,Продуктова,чоловіча,20,Неповна Вища,True,Intermediate (середній),13/06/2017 23:07:44,"Mozilla/5.0 (X11; Linux x86_64) AppleWebKit/537.36 (KHTML, like Gecko) Chrome/56.0.2924.87 Safari/537.36",0.25,0.25,500,Python
3723,Senior Software Engineer,5,3,3100,0,Київ,до 1000 осіб,Аутсорсингова,чоловіча,26,Неповна Вища,False,Upper-Intermediate (вище середнього),14/06/2017 00:26:52,"Mozilla/5.0 (Macintosh; Intel Mac OS X 10_12_5) AppleWebKit/603.2.4 (KHTML, like Gecko) Version/10.1.1 Safari/603.2.4",5.0,3.0,3100,Python
3781,Junior Software Engineer,1.5,1,500,250,Дніпро,до 10 осіб,Аутсорсингова,чоловіча,43,Вища,False,Intermediate (середній),14/06/2017 09:00:01,"Mozilla/5.0 (Macintosh; Intel Mac OS X 10_12_5) AppleWebKit/603.2.4 (KHTML, like Gecko) Version/10.1.1 Safari/603.2.4",1.5,1.0,500,Python
3822,Junior Software Engineer,1,менше 3 місяців,230,75,Інше,до 10 осіб,Інша,чоловіча,28,Вища,False,Pre-intermediate (нище середнього),14/06/2017 10:12:26,"Mozilla/5.0 (X11; Linux x86_64) AppleWebKit/537.36 (KHTML, like Gecko) Chrome/59.0.3071.86 Safari/537.36",1.0,0.0,230,Python
3828,Software Engineer,4,1,1750,0,Київ,більше 1000 осіб,Аутсорсингова,чоловіча,28,Середня,False,Pre-intermediate (нище середнього),14/06/2017 10:18:48,Mozilla/5.0 (X11; Ubuntu; Linux x86_64; rv:51.0) Gecko/20100101 Firefox/51.0,4.0,1.0,1750,Python
3839,Software Engineer,6,5,1200,200,Херсон,до 50 осіб,Продуктова,чоловіча,30,Вища,False,Intermediate (середній),14/06/2017 10:35:35,Mozilla/5.0 (X11; Ubuntu; Linux x86_64; rv:53.0) Gecko/20100101 Firefox/53.0,6.0,5.0,1200,Python
3855,Software Engineer,2,2,2100,830,Дніпро,до 1000 осіб,Продуктова,чоловіча,27,Вища,False,Pre-intermediate (нище середнього),14/06/2017 10:48:28,Mozilla/5.0 (X11; Ubuntu; Linux x86_64; rv:53.0) Gecko/20100101 Firefox/53.0,2.0,2.0,2100,Python
3872,Junior Software Engineer,менше 3 місяців,менше 3 місяців,300,0,Львів,до 50 осіб,Аутсорсингова,чоловіча,19,Неповна Вища,True,Intermediate (середній),14/06/2017 11:18:58,"Mozilla/5.0 (Windows NT 6.1; Win64; x64) AppleWebKit/537.36 (KHTML, like Gecko) Chrome/59.0.3071.86 Safari/537.36",0.0,0.0,300,Python
3875,Software Engineer,4,1,2000,0,Львів,до 200 осіб,Аутсорсингова,чоловіча,25,Вища,False,Upper-Intermediate (вище середнього),14/06/2017 11:21:20,"Mozilla/5.0 (Windows NT 6.1; Win64; x64) AppleWebKit/537.36 (KHTML, like Gecko) Chrome/58.0.3029.110 Safari/537.36",4.0,1.0,2000,Python
3936,Technical Lead,10 і більше років,0.25,3700,0,Київ,більше 1000 осіб,Аутсорсингова,чоловіча,34,Вища,False,Upper-Intermediate (вище середнього),14/06/2017 12:26:36,"Mozilla/5.0 (Linux; Android 5.0; SM-N900V Build/LRX21V) AppleWebKit/537.36 (KHTML, like Gecko) Chrome/58.0.3029.83 Mobile Safari/537.36",10.0,0.25,3700,Python
3996,Software Engineer,5,1,1650,0,Одеса,до 10 осіб,Продуктова,чоловіча,30,Вища,False,Intermediate (середній),14/06/2017 14:21:58,"Mozilla/5.0 (Macintosh; Intel Mac OS X 10_12_5) AppleWebKit/603.2.4 (KHTML, like Gecko) Version/10.1.1 Safari/603.2.4",5.0,1.0,1650,Python
4026,Software Engineer,3,менше 3 місяців,2400,1000,Львів,до 200 осіб,Аутсорсингова,чоловіча,25,Вища,False,Upper-Intermediate (вище середнього),14/06/2017 15:21:29,"Mozilla/5.0 (X11; Linux x86_64) AppleWebKit/537.36 (KHTML, like Gecko) Ubuntu Chromium/58.0.3029.110 Chrome/58.0.3029.110 Safari/537.36",3.0,0.0,2400,Python
4080,Software Engineer,9,2,5400,600,Віддалено,до 10 осіб,Продуктова,чоловіча,34,Вища,False,Upper-Intermediate (вище середнього),14/06/2017 16:45:46,"Mozilla/5.0 (X11; Linux x86_64) AppleWebKit/537.36 (KHTML, like Gecko) Chrome/58.0.3029.110 Safari/537.36",9.0,2.0,5400,Python
4187,Junior Software Engineer,1,0.5,750,0,Львів,до 50 осіб,Аутсорсингова,чоловіча,39,Вища,False,Pre-intermediate (нище середнього),14/06/2017 21:41:54,"Mozilla/5.0 (Windows NT 6.1) AppleWebKit/537.36 (KHTML, like Gecko) Chrome/58.0.3029.110 Safari/537.36",1.0,0.5,750,Python
4237,Software Engineer,5,1.5,2300,300,Львів,до 1000 осіб,Аутсорсингова,чоловіча,29,Вища,False,Intermediate (середній),15/06/2017 00:17:57,Mozilla/5.0 (Android 5.0.2; Mobile; rv:53.0) Gecko/53.0 Firefox/53.0,5.0,1.5,2300,Python
4266,Software Engineer,1,1,500,100,Одеса,до 50 осіб,Аутсорсингова,жіноча,29,Вища,False,Upper-Intermediate (вище середнього),15/06/2017 08:24:50,"Mozilla/5.0 (Macintosh; Intel Mac OS X 10_11_6) AppleWebKit/537.36 (KHTML, like Gecko) Chrome/58.0.3029.110 Safari/537.36",1.0,1.0,500,Python
4324,Technical Lead,2,2,3300,800,Харків,до 200 осіб,Аутсорсингова,чоловіча,26,Вища,False,Intermediate (середній),15/06/2017 11:16:57,Mozilla/5.0 (X11; Ubuntu; Linux x86_64; rv:53.0) Gecko/20100101 Firefox/53.0,2.0,2.0,3300,Python
4551,Software Engineer,3,0.5,1400,500,Херсон,більше 1000 осіб,Аутсорсингова,чоловіча,18,Неповна Вища,True,Upper-Intermediate (вище середнього),16/06/2017 00:51:12,"Mozilla/5.0 (Macintosh; Intel Mac OS X 10_12_5) AppleWebKit/537.36 (KHTML, like Gecko) Chrome/58.0.3029.110 Safari/537.36",3.0,0.5,1400,Python
4600,Software Engineer,3,1,1400,560,Віддалено,до 10 осіб,Аутсорсингова,чоловіча,22,Середня,False,Upper-Intermediate (вище середнього),16/06/2017 11:09:16,"Mozilla/5.0 (Macintosh; Intel Mac OS X 10_12_0) AppleWebKit/537.36 (KHTML, like Gecko) Chrome/58.0.3029.110 Safari/537.36",3.0,1.0,1400,Python
4650,Senior Software Engineer,4,менше 3 місяців,3300,300,Харків,до 200 осіб,Стартап,чоловіча,26,Вища,False,Advanced (просунутий),16/06/2017 14:00:07,"Mozilla/5.0 (Macintosh; Intel Mac OS X 10_12_5) AppleWebKit/603.2.4 (KHTML, like Gecko) Version/10.1.1 Safari/603.2.4",4.0,0.0,3300,Python
4666,Software Engineer,1.5,1,900,400,Одеса,до 50 осіб,Аутсорсингова,чоловіча,26,Дві вищих,False,Upper-Intermediate (вище середнього),16/06/2017 14:45:26,"Mozilla/5.0 (Macintosh; Intel Mac OS X 10_11_5) AppleWebKit/537.36 (KHTML, like Gecko) Chrome/58.0.3029.110 Safari/537.36",1.5,1.0,900,Python
4706,Software Engineer,3,2,1600,0,Київ,до 200 осіб,Аутсорсингова,чоловіча,22,Вища,True,Upper-Intermediate (вище середнього),16/06/2017 17:06:49,"Mozilla/5.0 (X11; Linux x86_64) AppleWebKit/537.36 (KHTML, like Gecko) Chrome/57.0.2987.133 Safari/537.36",3.0,2.0,1600,Python
4731,Junior Software Engineer,2,1,500,100,Рівне,більше 1000 осіб,Аутсорсингова,чоловіча,30,Вища,False,Intermediate (середній),16/06/2017 19:30:26,Mozilla/5.0 (X11; Ubuntu; Linux x86_64; rv:54.0) Gecko/20100101 Firefox/54.0,2.0,1.0,500,Python
4747,Technical Lead,5,3,2900,180,Дніпро,до 10 осіб,Аутстафінгова,чоловіча,26,Вища,False,Upper-Intermediate (вище середнього),16/06/2017 21:46:04,"Mozilla/5.0 (Macintosh; Intel Mac OS X 10_10_2) AppleWebKit/537.36 (KHTML, like Gecko) Chrome/58.0.3029.110 Safari/537.36",5.0,3.0,2900,Python
4848,Software Engineer,4,1.5,2000,200,Київ,до 50 осіб,Продуктова,чоловіча,27,Вища,False,Upper-Intermediate (вище середнього),17/06/2017 19:18:58,Mozilla/5.0 (X11; Ubuntu; Linux x86_64; rv:54.0) Gecko/20100101 Firefox/54.0,4.0,1.5,2000,Python
4856,Junior Software Engineer,1.5,1.5,700,0,Львів,до 50 осіб,Аутсорсингова,чоловіча,36,Вища,False,Intermediate (середній),17/06/2017 20:02:35,"Mozilla/5.0 (Linux; Android 5.1.1; Redmi Note 3 Build/LMY47V) AppleWebKit/537.36 (KHTML, like Gecko) Chrome/58.0.3029.83 Mobile Safari/537.36",1.5,1.5,700,Python
4877,Software Engineer,3,0.5,1500,0,Львів,до 50 осіб,Аутсорсингова,чоловіча,24,Вища,False,Upper-Intermediate (вище середнього),17/06/2017 23:21:21,"Mozilla/5.0 (X11; Linux x86_64) AppleWebKit/537.36 (KHTML, like Gecko) Chrome/58.0.3029.110 Safari/537.36",3.0,0.5,1500,Python
4889,Senior Software Engineer,8,менше 3 місяців,9200,2200,Інше,більше 1000 осіб,Продуктова,чоловіча,27,Вища,False,Advanced (просунутий),18/06/2017 07:16:56,Mozilla/5.0 (Macintosh; Intel Mac OS X 10.12; rv:53.0) Gecko/20100101 Firefox/53.0,8.0,0.0,9200,Python
4953,Junior Software Engineer,1,0.25,700,0,Київ,до 50 осіб,Стартап,чоловіча,19,Неповна Вища,True,Upper-Intermediate (вище середнього),18/06/2017 19:40:22,"Mozilla/5.0 (X11; Linux x86_64) AppleWebKit/537.36 (KHTML, like Gecko) Chrome/57.0.2987.110 Safari/537.36",1.0,0.25,700,Python
4967,Software Engineer,1,1,700,400,Київ,до 10 осіб,Стартап,чоловіча,26,Вища,False,Pre-intermediate (нище середнього),18/06/2017 22:10:18,"Mozilla/5.0 (Windows NT 6.1; Win64; x64) AppleWebKit/537.36 (KHTML, like Gecko) Chrome/58.0.3029.110 Safari/537.36",1.0,1.0,700,Python
4972,Junior Software Engineer,менше 3 місяців,менше 3 місяців,211,300,Київ,до 10 осіб,Продуктова,чоловіча,23,Вища,True,Upper-Intermediate (вище середнього),18/06/2017 22:51:36,Mozilla/5.0 (X11; Ubuntu; Linux x86_64; rv:53.0) Gecko/20100101 Firefox/53.0,0.0,0.0,211,Python
4974,Junior Software Engineer,0.5,0.5,500,0,Одеса,до 10 осіб,Аутсорсингова,чоловіча,20,Неповна Вища,True,Intermediate (середній),18/06/2017 22:56:59,"Mozilla/5.0 (Windows NT 10.0; Win64; x64) AppleWebKit/537.36 (KHTML, like Gecko) Chrome/58.0.3029.110 Safari/537.36",0.5,0.5,500,Python
5037,Technical Lead,10 і більше років,0.5,6200,1200,Львів,до 50 осіб,Продуктова,чоловіча,35,Вища,False,Upper-Intermediate (вище середнього),19/06/2017 17:14:25,Mozilla/5.0 (Windows NT 10.0; WOW64; rv:53.0) Gecko/20100101 Firefox/53.0,10.0,0.5,6200,Python
5052,Software Engineer,2,0.5,1800,300,Київ,до 200 осіб,Аутсорсингова,чоловіча,29,Вища,False,Advanced (просунутий),19/06/2017 20:34:46,"Mozilla/5.0 (Windows NT 10.0; Win64; x64) AppleWebKit/537.36 (KHTML, like Gecko) Chrome/58.0.3029.110 Safari/537.36",2.0,0.5,1800,Python
5098,Software Engineer,4,3,1050,200,Кропивницький,до 200 осіб,Аутсорсингова,чоловіча,26,Вища,False,Elementary (початковий),20/06/2017 10:27:42,"Mozilla/5.0 (X11; Linux x86_64) AppleWebKit/537.36 (KHTML, like Gecko) Chrome/58.0.3029.110 Safari/537.36",4.0,3.0,1050,Python
5174,Junior Software Engineer,1,0.5,400,100,Львів,до 50 осіб,Аутстафінгова,чоловіча,24,Неповна Вища,False,Pre-intermediate (нище середнього),20/06/2017 15:49:45,Mozilla/5.0 (X11; Ubuntu; Linux x86_64; rv:53.0) Gecko/20100101 Firefox/53.0,1.0,0.5,400,Python
5247,Junior Software Engineer,1.5,1,550,50,Київ,до 10 осіб,Стартап,чоловіча,25,Вища,False,Upper-Intermediate (вище середнього),20/06/2017 16:27:40,"Mozilla/5.0 (Macintosh; Intel Mac OS X 10_12_5) AppleWebKit/537.36 (KHTML, like Gecko) Chrome/60.0.3112.32 Safari/537.36",1.5,1.0,550,Python
5258,Junior Software Engineer,1.5,менше 3 місяців,800,400,Дніпро,до 50 осіб,Аутсорсингова,чоловіча,23,Неповна Вища,False,Intermediate (середній),20/06/2017 16:28:25,"Mozilla/5.0 (X11; Linux x86_64) AppleWebKit/537.36 (KHTML, like Gecko) Ubuntu Chromium/58.0.3029.110 Chrome/58.0.3029.110 Safari/537.36",1.5,0.0,800,Python
5316,Software Engineer,0.25,менше 3 місяців,1500,300,Харків,до 1000 осіб,Аутстафінгова,чоловіча,33,Вища,False,Intermediate (середній),20/06/2017 16:31:42,Mozilla/5.0 (X11; Ubuntu; Linux x86_64; rv:54.0) Gecko/20100101 Firefox/54.0,0.25,0.0,1500,Python
5317,Technical Lead,10 і більше років,7,2700,0,Харків,до 10 осіб,Аутстафінгова,чоловіча,31,Неповна Вища,False,Upper-Intermediate (вище середнього),20/06/2017 16:31:42,"Mozilla/5.0 (X11; Linux x86_64) AppleWebKit/537.36 (KHTML, like Gecko) Chrome/59.0.3071.86 Safari/537.36",10.0,7.0,2700,Python
5399,Software Engineer,10 і більше років,0.25,2000,1000,Івано-Франківськ,до 10 осіб,Продуктова,чоловіча,33,Неповна Вища,False,Advanced (просунутий),20/06/2017 16:39:01,Mozilla/5.0 (X11; Linux x86_64; rv:48.0) Gecko/20100101 Firefox/48.0,10.0,0.25,2000,Python
5427,Software Engineer,0.5,0.5,900,0,Вінниця,до 50 осіб,Аутсорсингова,чоловіча,18,Середня,False,Upper-Intermediate (вище середнього),20/06/2017 16:42:51,"Mozilla/5.0 (Windows NT 10.0; Win64; x64) AppleWebKit/537.36 (KHTML, like Gecko) Chrome/58.0.3029.110 Safari/537.36",0.5,0.5,900,Python
5479,Software Engineer,3,0.25,2000,1000,Київ,до 1000 осіб,Інша,чоловіча,28,Вища,False,Upper-Intermediate (вище середнього),20/06/2017 16:51:44,Mozilla/5.0 (X11; Ubuntu; Linux x86_64; rv:53.0) Gecko/20100101 Firefox/53.0,3.0,0.25,2000,Python
5499,Software Engineer,3,0.25,2630,1130,Харків,до 200 осіб,Аутстафінгова,чоловіча,23,Вища,False,Upper-Intermediate (вище середнього),20/06/2017 16:54:57,Mozilla/5.0 (X11; Linux x86_64; rv:55.0) Gecko/20100101 Firefox/55.0,3.0,0.25,2630,Python
5525,Senior Software Engineer,7,1.5,3600,0,Львів,до 50 осіб,Продуктова,чоловіча,28,Вища,False,Upper-Intermediate (вище середнього),20/06/2017 16:59:35,"Mozilla/5.0 (Windows NT 10.0; WOW64) AppleWebKit/537.36 (KHTML, like Gecko) Chrome/57.0.2987.137 YaBrowser/17.4.1.955 Yowser/2.5 Safari/537.36",7.0,1.5,3600,Python
5530,Junior Software Engineer,1,1,330,80,Запоріжжя,до 200 осіб,Аутсорсингова,чоловіча,22,Вища,False,Intermediate (середній),20/06/2017 17:01:09,"Mozilla/5.0 (iPhone; CPU iPhone OS 10_3_1 like Mac OS X) AppleWebKit/603.1.30 (KHTML, like Gecko) Version/10.0 Mobile/14E304 Safari/602.1",1.0,1.0,330,Python
5534,Software Engineer,менше 3 місяців,3,2400,1000,Львів,до 200 осіб,Аутсорсингова,чоловіча,25,Вища,False,Upper-Intermediate (вище середнього),20/06/2017 17:02:09,"Mozilla/5.0 (X11; Linux x86_64) AppleWebKit/537.36 (KHTML, like Gecko) Ubuntu Chromium/58.0.3029.110 Chrome/58.0.3029.110 Safari/537.36",0.0,3.0,2400,Python
5644,Senior Software Engineer,8,6,2300,200,Віддалено,до 10 осіб,Продуктова,чоловіча,28,Вища,False,Intermediate (середній),20/06/2017 17:34:05,"Mozilla/5.0 (Macintosh; Intel Mac OS X 10_12_5) AppleWebKit/603.2.4 (KHTML, like Gecko) Version/10.1.1 Safari/603.2.4",8.0,6.0,2300,Python
5671,Software Engineer,2,1.5,1200,400,Харків,до 50 осіб,Аутсорсингова,чоловіча,26,Вища,False,Intermediate (середній),20/06/2017 17:44:56,"Mozilla/5.0 (X11; Linux x86_64) AppleWebKit/537.36 (KHTML, like Gecko) Chrome/61.0.3128.3 Safari/537.36",2.0,1.5,1200,Python
5717,Senior Software Engineer,4,4,1400,300,Київ,до 10 осіб,Інша,чоловіча,30,Вища,False,Intermediate (середній),20/06/2017 18:15:44,"Mozilla/5.0 (X11; Linux x86_64) AppleWebKit/537.36 (KHTML, like Gecko) Chrome/57.0.2987.110 Safari/537.36",4.0,4.0,1400,Python
5749,System Architect,10 і більше років,0.25,3000,0,Київ,до 50 осіб,Продуктова,чоловіча,40,Вища,False,Upper-Intermediate (вище середнього),20/06/2017 18:40:40,Mozilla/5.0 (X11; Ubuntu; Linux x86_64; rv:53.0) Gecko/20100101 Firefox/53.0,10.0,0.25,3000,Python
5774,Software Engineer,2,2,2000,600,Київ,до 200 осіб,Продуктова,чоловіча,30,Вища,False,Pre-intermediate (нище середнього),20/06/2017 19:13:15,"Mozilla/5.0 (Macintosh; Intel Mac OS X 10_12_5) AppleWebKit/537.36 (KHTML, like Gecko) Chrome/58.0.3029.110 Safari/537.36",2.0,2.0,2000,Python
5836,Junior Software Engineer,менше 3 місяців,менше 3 місяців,400,0,Київ,до 10 осіб,Стартап,чоловіча,26,Вища,False,Intermediate (середній),20/06/2017 20:33:24,Mozilla/5.0 (Windows NT 6.3; WOW64; rv:53.0) Gecko/20100101 Firefox/53.0,0.0,0.0,400,Python
6027,Junior Software Engineer,1,0.25,700,700,Київ,до 50 осіб,Аутсорсингова,жіноча,22,Неповна Вища,True,Upper-Intermediate (вище середнього),21/06/2017 08:52:15,Mozilla/5.0 (X11; Ubuntu; Linux x86_64; rv:54.0) Gecko/20100101 Firefox/54.0,1.0,0.25,700,Python
6039,Software Engineer,2,менше 3 місяців,2850,1000,Київ,більше 1000 осіб,Аутстафінгова,чоловіча,25,Вища,False,Upper-Intermediate (вище середнього),21/06/2017 09:10:37,"Mozilla/5.0 (Windows NT 10.0; Win64; x64) AppleWebKit/537.36 (KHTML, like Gecko) Chrome/58.0.3029.110 Safari/537.36",2.0,0.0,2850,Python
6062,Junior Software Engineer,менше 3 місяців,менше 3 місяців,300,0,Київ,до 50 осіб,Аутсорсингова,чоловіча,22,Неповна Вища,False,Intermediate (середній),21/06/2017 09:54:56,"Mozilla/5.0 (X11; Linux x86_64) AppleWebKit/537.36 (KHTML, like Gecko) Chrome/59.0.3071.104 Safari/537.36",0.0,0.0,300,Python
6091,Software Engineer,3,1,1100,500,Харків,до 50 осіб,Аутстафінгова,чоловіча,23,Вища,False,Upper-Intermediate (вище середнього),21/06/2017 10:40:31,"Mozilla/5.0 (X11; Linux x86_64) AppleWebKit/537.36 (KHTML, like Gecko) Chrome/59.0.3071.104 Safari/537.36",3.0,1.0,1100,Python
6143,Software Engineer,2,0.5,2200,1000,Київ,до 50 осіб,Аутстафінгова,чоловіча,31,Вища,False,Upper-Intermediate (вище середнього),21/06/2017 12:15:54,"Mozilla/5.0 (Macintosh; Intel Mac OS X 10_12_5) AppleWebKit/537.36 (KHTML, like Gecko) Chrome/58.0.3029.110 Safari/537.36",2.0,0.5,2200,Python
6167,Software Engineer,0.25,0.25,700,0,Київ,до 50 осіб,Інша,чоловіча,23,Вища,True,Intermediate (середній),21/06/2017 12:53:11,"Mozilla/5.0 (iPad; CPU OS 10_3_2 like Mac OS X) AppleWebKit/603.2.4 (KHTML, like Gecko) Version/10.0 Mobile/14F89 Safari/602.1",0.25,0.25,700,Python
6193,Technical Lead,3,3,3700,0,Одеса,до 10 осіб,Продуктова,чоловіча,30,Вища,False,Upper-Intermediate (вище середнього),21/06/2017 13:55:30,Mozilla/5.0 (X11; Ubuntu; Linux x86_64; rv:54.0) Gecko/20100101 Firefox/54.0,3.0,3.0,3700,Python
6199,Software Engineer,10 і більше років,2,2950,300,Київ,до 10 осіб,Аутстафінгова,чоловіча,37,Дві вищих,False,Upper-Intermediate (вище середнього),21/06/2017 14:12:20,"Mozilla/5.0 (Linux; Android 6.0.1; SM-J700H Build/MMB29K) AppleWebKit/537.36 (KHTML, like Gecko) Chrome/58.0.3029.83 Mobile Safari/537.36",10.0,2.0,2950,Python
6253,Junior Software Engineer,1,1,400,0,Дніпро,до 50 осіб,Аутстафінгова,чоловіча,21,Вища,False,Upper-Intermediate (вище середнього),21/06/2017 17:27:51,"Mozilla/5.0 (X11; Linux x86_64) AppleWebKit/537.36 (KHTML, like Gecko) Chrome/59.0.3071.104 Safari/537.36",1.0,1.0,400,Python
6284,Senior Software Engineer,6,1,3100,600,Харків,до 1000 осіб,Аутстафінгова,чоловіча,36,Дві вищих,False,Upper-Intermediate (вище середнього),21/06/2017 18:36:11,"Mozilla/5.0 (Macintosh; Intel Mac OS X 10_12_5) AppleWebKit/537.36 (KHTML, like Gecko) Chrome/59.0.3071.109 Safari/537.36",6.0,1.0,3100,Python
6346,Junior Software Engineer,1.5,1,1000,400,Київ,до 50 осіб,Продуктова,чоловіча,22,Неповна Вища,True,Intermediate (середній),22/06/2017 01:14:44,"Mozilla/5.0 (Macintosh; Intel Mac OS X 10_11_6) AppleWebKit/603.2.5 (KHTML, like Gecko) Version/10.1.1 Safari/603.2.5",1.5,1.0,1000,Python
6498,Senior Software Engineer,6,0.5,3300,300,Київ,до 10 осіб,Стартап,чоловіча,30,Вища,False,Upper-Intermediate (вище середнього),23/06/2017 00:03:37,"Mozilla/5.0 (Macintosh; Intel Mac OS X 10_12_5) AppleWebKit/537.36 (KHTML, like Gecko) Chrome/58.0.3029.110 Safari/537.36",6.0,0.5,3300,Python
6534,Junior Software Engineer,1.5,0.5,400,200,Київ,до 50 осіб,Інша,чоловіча,30,Вища,False,Pre-intermediate (нище середнього),23/06/2017 11:17:38,"Mozilla/5.0 (X11; Linux x86_64) AppleWebKit/537.36 (KHTML, like Gecko) Ubuntu Chromium/58.0.3029.110 Chrome/58.0.3029.110 Safari/537.36",1.5,0.5,400,Python
6550,Senior Software Engineer,10 і більше років,0.25,2500,0,Київ,до 10 осіб,Продуктова,чоловіча,45,Вища,False,Pre-intermediate (нище середнього),23/06/2017 12:31:29,"Mozilla/5.0 (Macintosh; Intel Mac OS X 10_11_6) AppleWebKit/537.36 (KHTML, like Gecko) Chrome/58.0.3029.110 Safari/537.36",10.0,0.25,2500,Python
6620,Software Engineer,2,1.5,1950,850,Київ,до 10 осіб,Продуктова,чоловіча,23,Вища,False,Advanced (просунутий),23/06/2017 22:30:19,"Mozilla/5.0 (Macintosh; Intel Mac OS X 10_12_2) AppleWebKit/537.36 (KHTML, like Gecko) Chrome/59.0.3071.86 Safari/537.36",2.0,1.5,1950,Python
6715,Senior Software Engineer,6,1,3300,800,Київ,до 10 осіб,Стартап,чоловіча,26,Вища,False,Intermediate (середній),25/06/2017 14:57:16,"Mozilla/5.0 (X11; Linux x86_64) AppleWebKit/537.36 (KHTML, like Gecko) Chrome/58.0.3029.96 Safari/537.36",6.0,1.0,3300,Python
6730,Senior Software Engineer,6,4,3000,150,Харків,більше 1000 осіб,Аутсорсингова,чоловіча,29,Вища,False,Intermediate (середній),25/06/2017 18:42:40,"Mozilla/5.0 (Macintosh; Intel Mac OS X 10_12_5) AppleWebKit/603.2.4 (KHTML, like Gecko) Version/10.1.1 Safari/603.2.4",6.0,4.0,3000,Python
6751,Software Engineer,1.5,1,1272,768,Інше,до 50 осіб,Аутсорсингова,чоловіча,20,Неповна Вища,True,Intermediate (середній),26/06/2017 01:26:47,"Mozilla/5.0 (X11; Linux x86_64) AppleWebKit/537.36 (KHTML, like Gecko) Chrome/55.0.2883.87 Safari/537.36",1.5,1.0,1272,Python
6790,Senior Software Engineer,7,менше 3 місяців,5000,0,Київ,до 200 осіб,Стартап,чоловіча,28,Вища,False,Advanced (просунутий),26/06/2017 11:14:07,"Mozilla/5.0 (Macintosh; Intel Mac OS X 10_12_5) AppleWebKit/603.2.4 (KHTML, like Gecko) Version/10.1.1 Safari/603.2.4",7.0,0.0,5000,Python
6866,Software Engineer,3,менше 3 місяців,1600,400,Харків,до 50 осіб,Аутстафінгова,чоловіча,23,Вища,False,Advanced (просунутий),26/06/2017 11:41:55,Mozilla/5.0 (X11; Ubuntu; Linux x86_64; rv:47.0) Gecko/20100101 Firefox/47.0,3.0,0.0,1600,Python
6911,Technical Lead,10 і більше років,10 і більше років,2500,200,Херсон,до 50 осіб,Продуктова,чоловіча,30,Вища,False,Pre-intermediate (нище середнього),26/06/2017 12:16:50,Mozilla/5.0 (X11; Ubuntu; Linux x86_64; rv:54.0) Gecko/20100101 Firefox/54.0,10.0,10.0,2500,Python
6949,Software Engineer,1,0.5,1200,600,Київ,більше 1000 осіб,Аутсорсингова,чоловіча,25,Вища,False,Intermediate (середній),26/06/2017 13:27:29,"Mozilla/5.0 (X11; Linux x86_64) AppleWebKit/537.36 (KHTML, like Gecko) Chrome/59.0.3071.109 Safari/537.36",1.0,0.5,1200,Python
7050,Junior Software Engineer,1,1,900,300,Київ,до 50 осіб,Стартап,чоловіча,23,Неповна Вища,True,Intermediate (середній),26/06/2017 19:53:03,"Mozilla/5.0 (X11; Linux x86_64) AppleWebKit/537.36 (KHTML, like Gecko) Ubuntu Chromium/58.0.3029.110 Chrome/58.0.3029.110 Safari/537.36",1.0,1.0,900,Python
7051,Software Engineer,4,1,1400,500,Львів,до 1000 осіб,Аутстафінгова,чоловіча,34,Неповна Вища,False,Intermediate (середній),26/06/2017 20:07:02,"Mozilla/5.0 (X11; Linux x86_64) AppleWebKit/537.36 (KHTML, like Gecko) Chrome/58.0.3029.81 Safari/537.36",4.0,1.0,1400,Python
7085,Software Engineer,2,менше 3 місяців,2000,1400,Київ,до 10 осіб,Стартап,чоловіча,21,Вища,True,Intermediate (середній),26/06/2017 23:36:13,"Mozilla/5.0 (Macintosh; Intel Mac OS X 10_12_3) AppleWebKit/537.36 (KHTML, like Gecko) Chrome/58.0.3029.110 Safari/537.36",2.0,0.0,2000,Python
7099,Senior Software Engineer,5,4,2600,100,Вінниця,до 200 осіб,Аутсорсингова,чоловіча,31,Вища,False,Intermediate (середній),27/06/2017 01:20:34,"Mozilla/5.0 (Macintosh; Intel Mac OS X 10_12_5) AppleWebKit/603.2.4 (KHTML, like Gecko) Version/10.1.1 Safari/603.2.4",5.0,4.0,2600,Python
7141,Junior Software Engineer,менше 3 місяців,менше 3 місяців,100,0,Харків,до 50 осіб,Аутсорсингова,жіноча,20,Вища,True,Pre-intermediate (нище середнього),27/06/2017 12:07:48,"Mozilla/5.0 (Windows NT 6.1; Win64; x64) AppleWebKit/537.36 (KHTML, like Gecko) Chrome/58.0.3029.110 Safari/537.36",0.0,0.0,100,Python
7160,Junior Software Engineer,1.5,менше 3 місяців,800,500,Київ,до 10 осіб,Стартап,чоловіча,22,Неповна Вища,False,Pre-intermediate (нище середнього),27/06/2017 13:51:34,"Mozilla/5.0 (Macintosh; Intel Mac OS X 10_12_5) AppleWebKit/537.36 (KHTML, like Gecko) Chrome/58.0.3029.110 Safari/537.36",1.5,0.0,800,Python
7209,Software Engineer,2,2,950,345,Запоріжжя,до 200 осіб,Аутсорсингова,чоловіча,22,Неповна Вища,False,Upper-Intermediate (вище середнього),27/06/2017 20:17:21,"Mozilla/5.0 (Windows NT 10.0; Win64; x64) AppleWebKit/537.36 (KHTML, like Gecko) Chrome/58.0.3029.110 Safari/537.36",2.0,2.0,950,Python
7400,Junior Software Engineer,1,1,1000,400,Київ,до 50 осіб,Продуктова,чоловіча,24,Неповна Вища,False,Pre-intermediate (нище середнього),29/06/2017 16:33:56,"Mozilla/5.0 (Linux; Android 6.0.1; SM-J700H Build/MMB29K) AppleWebKit/537.36 (KHTML, like Gecko) Chrome/58.0.3029.83 Mobile Safari/537.36",1.0,1.0,1000,Python
7405,Software Engineer,2,1,1100,400,Київ,більше 1000 осіб,Аутсорсингова,чоловіча,26,Вища,False,Intermediate (середній),29/06/2017 16:53:01,"Mozilla/5.0 (Macintosh; Intel Mac OS X 10_10_5) AppleWebKit/537.36 (KHTML, like Gecko) Chrome/58.0.3029.110 Safari/537.36",2.0,1.0,1100,Python
7458,Junior Software Engineer,менше 3 місяців,менше 3 місяців,250,50,Київ,до 10 осіб,Стартап,чоловіча,23,Вища,False,Upper-Intermediate (вище середнього),30/06/2017 13:10:02,Mozilla/5.0 (X11; Ubuntu; Linux x86_64; rv:53.0) Gecko/20100101 Firefox/53.0,0.0,0.0,250,Python
7474,Junior Software Engineer,0.5,0.5,400,100,Запоріжжя,до 50 осіб,Аутсорсингова,жіноча,21,Неповна Вища,True,Upper-Intermediate (вище середнього),30/06/2017 15:15:06,Mozilla/5.0 (X11; Ubuntu; Linux x86_64; rv:54.0) Gecko/20100101 Firefox/54.0,0.5,0.5,400,Python
7784,Senior Software Engineer,5,менше 3 місяців,3200,700,Київ,до 200 осіб,Аутстафінгова,чоловіча,24,Неповна Вища,False,Upper-Intermediate (вище середнього),04/07/2017 14:36:07,"Mozilla/5.0 (Macintosh; Intel Mac OS X 10_11_6) AppleWebKit/537.36 (KHTML, like Gecko) Chrome/59.0.3071.115 Safari/537.36",5.0,0.0,3200,Python
7882,Software Engineer,2,1,750,0,Київ,більше 1000 осіб,Аутсорсингова,чоловіча,21,Вища,False,Pre-intermediate (нище середнього),05/07/2017 11:57:52,"Mozilla/5.0 (X11; Linux x86_64) AppleWebKit/537.36 (KHTML, like Gecko) Chrome/59.0.3071.115 Safari/537.36",2.0,1.0,750,Python
7982,Software Engineer,5,5,2850,0,Київ,до 200 осіб,Продуктова,жіноча,29,Вища,False,Upper-Intermediate (вище середнього),06/07/2017 11:44:17,"Mozilla/5.0 (X11; Linux x86_64) AppleWebKit/537.36 (KHTML, like Gecko) Ubuntu Chromium/58.0.3029.110 Chrome/58.0.3029.110 Safari/537.36",5.0,5.0,2850,Python
8074,Senior Software Engineer,6,0.25,4300,1000,Київ,до 50 осіб,Стартап,чоловіча,28,Вища,False,Intermediate (середній),06/07/2017 12:28:56,"Mozilla/5.0 (Macintosh; Intel Mac OS X 10_12_5) AppleWebKit/537.36 (KHTML, like Gecko) Chrome/59.0.3071.115 Safari/537.36",6.0,0.25,4300,Python
8118,Senior Software Engineer,10 і більше років,1.5,4500,0,Київ,до 10 осіб,Продуктова,чоловіча,30,Вища,False,Upper-Intermediate (вище середнього),06/07/2017 13:36:29,"Mozilla/5.0 (Macintosh; Intel Mac OS X 10_11_6) AppleWebKit/537.36 (KHTML, like Gecko) Chrome/59.0.3071.115 Safari/537.36",10.0,1.5,4500,Python
8121,Senior Software Engineer,9,1,4000,0,Київ,до 1000 осіб,Продуктова,чоловіча,27,Вища,False,Advanced (просунутий),06/07/2017 13:41:09,Mozilla/5.0 (Macintosh; Intel Mac OS X 10.12; rv:54.0) Gecko/20100101 Firefox/54.0,9.0,1.0,4000,Python
8226,Senior Software Engineer,10 і більше років,2,5000,500,Київ,більше 1000 осіб,Продуктова,чоловіча,31,Вища,False,Upper-Intermediate (вище середнього),06/07/2017 18:44:25,"Mozilla/5.0 (Windows NT 6.1; Win64; x64) AppleWebKit/537.36 (KHTML, like Gecko) Chrome/59.0.3071.115 Safari/537.36",10.0,2.0,5000,Python
8229,System Architect,10 і більше років,2,5000,0,Київ,до 10 осіб,Продуктова,чоловіча,31,Вища,False,Intermediate (середній),06/07/2017 19:15:05,"Mozilla/5.0 (Macintosh; Intel Mac OS X 10_12_4) AppleWebKit/603.1.30 (KHTML, like Gecko) Version/10.0.1 Safari/602.2.14",10.0,2.0,5000,Python
8382,Technical Lead,7,1,3000,1000,Віддалено,до 10 осіб,Стартап,чоловіча,24,Неповна Вища,False,Upper-Intermediate (вище середнього),07/07/2017 19:51:15,"Mozilla/5.0 (Macintosh; Intel Mac OS X 10_12_5) AppleWebKit/537.36 (KHTML, like Gecko) Chrome/59.0.3071.115 Safari/537.36",7.0,1.0,3000,Python
8399,Software Engineer,1,1,800,500,Харків,до 50 осіб,Аутсорсингова,чоловіча,33,Вища,False,Intermediate (середній),07/07/2017 22:56:21,"Mozilla/5.0 (Windows NT 6.3; WOW64) AppleWebKit/537.36 (KHTML, like Gecko) Chrome/59.0.3071.115 Safari/537.36",1.0,1.0,800,Python
8446,Technical Lead,7,7,1900,150,Львів,до 200 осіб,Продуктова,чоловіча,29,Вища,False,Upper-Intermediate (вище середнього),08/07/2017 18:46:55,"Mozilla/5.0 (X11; Linux x86_64) AppleWebKit/537.36 (KHTML, like Gecko) Chrome/57.0.2987.133 Safari/537.36",7.0,7.0,1900,Python
8503,Junior Software Engineer,2,1,1250,800,Київ,більше 1000 осіб,Аутсорсингова,чоловіча,21,Вища,False,Upper-Intermediate (вище середнього),09/07/2017 20:48:08,"Mozilla/5.0 (X11; Linux x86_64) AppleWebKit/537.36 (KHTML, like Gecko) Chrome/54.0.2840.90 Safari/537.36",2.0,1.0,1250,Python
8524,Junior Software Engineer,0.25,0.25,185,0,Київ,до 50 осіб,Інша,жіноча,19,Неповна Вища,True,Intermediate (середній),10/07/2017 10:26:33,"Mozilla/5.0 (Linux; Android 6.0.1; Redmi Note 4 Build/MMB29M) AppleWebKit/537.36 (KHTML, like Gecko) Chrome/59.0.3071.125 Mobile Safari/537.36",0.25,0.25,185,Python
8547,Software Engineer,5,1,2000,800,Запоріжжя,до 50 осіб,Аутсорсингова,чоловіча,22,Неповна Вища,False,Intermediate (середній),10/07/2017 14:11:26,"Mozilla/5.0 (Macintosh; Intel Mac OS X 10_12_5) AppleWebKit/603.2.4 (KHTML, like Gecko) Version/10.1.1 Safari/603.2.4",5.0,1.0,2000,Python
8626,Software Engineer,4,1,1750,0,Київ,більше 1000 осіб,Аутсорсингова,чоловіча,28,Середня,False,Intermediate (середній),11/07/2017 16:15:40,Mozilla/5.0 (X11; Ubuntu; Linux x86_64; rv:54.0) Gecko/20100101 Firefox/54.0,4.0,1.0,1750,Python
8636,Senior Software Engineer,10 і більше років,менше 3 місяців,4000,1300,Віддалено,до 10 осіб,Стартап,чоловіча,33,Вища,False,Upper-Intermediate (вище середнього),11/07/2017 17:51:36,"Mozilla/5.0 (X11; Linux x86_64) AppleWebKit/537.36 (KHTML, like Gecko) Chrome/59.0.3071.86 Safari/537.36",10.0,0.0,4000,Python
8674,Junior Software Engineer,0.5,0.5,350,50,Київ,до 50 осіб,Аутсорсингова,чоловіча,22,Вища,False,Intermediate (середній),12/07/2017 9:37:16,Mozilla/5.0 (X11; Ubuntu; Linux x86_64; rv:54.0) Gecko/20100101 Firefox/54.0,0.5,0.5,350,Python
8696,Software Engineer,1,0.5,1500,1000,Київ,до 10 осіб,Стартап,чоловіча,29,Вища,False,Intermediate (середній),12/07/2017 14:39:21,"Mozilla/5.0 (X11; Linux x86_64) AppleWebKit/537.36 (KHTML, like Gecko) Chrome/57.0.2987.133 Safari/537.36",1.0,0.5,1500,Python
